legacy_id,label,entity_class,legacy_category,legacy_modes,flutter_model_type,disposition,reason,target_gate,visual_family
broyeur,Broyeur industriel,external-appliance,Appareils externes,AC3,,DEFER,Aucun contrat modelType Flutter actuellement démontré dans la surface qualifiée ; rester invisible jusqu’à preuve et qualification moteur explicites.,G5,external-appliances
climatiseur,Climatiseur,external-appliance,Appareils externes,AC1,,DEFER,Aucun contrat modelType Flutter actuellement démontré dans la surface qualifiée ; rester invisible jusqu’à preuve et qualification moteur explicites.,G5,external-appliances
compresseur_industriel,Compresseur industriel,external-appliance,Appareils externes,AC3,,DEFER,Aucun contrat modelType Flutter actuellement démontré dans la surface qualifiée ; rester invisible jusqu’à preuve et qualification moteur explicites.,G5,external-appliances
congelateur,Congélateur,external-appliance,Appareils externes,AC1,,DEFER,Aucun contrat modelType Flutter actuellement démontré dans la surface qualifiée ; rester invisible jusqu’à preuve et qualification moteur explicites.,G5,external-appliances
convoyeur,Convoyeur,external-appliance,Appareils externes,AC3,,DEFER,Aucun contrat modelType Flutter actuellement démontré dans la surface qualifiée ; rester invisible jusqu’à preuve et qualification moteur explicites.,G5,external-appliances
fer_repasser,Fer à repasser,external-appliance,Appareils externes,AC1,,DEFER,Aucun contrat modelType Flutter actuellement démontré dans la surface qualifiée ; rester invisible jusqu’à preuve et qualification moteur explicites.,G5,external-appliances
lampe_dc,Lampe DC,external-appliance,Appareils externes,DC,,DEFER,Aucun contrat modelType Flutter actuellement démontré dans la surface qualifiée ; rester invisible jusqu’à preuve et qualification moteur explicites.,G5,external-appliances
melangeur,Mélangeur industriel,external-appliance,Appareils externes,AC3,,DEFER,Aucun contrat modelType Flutter actuellement démontré dans la surface qualifiée ; rester invisible jusqu’à preuve et qualification moteur explicites.,G5,external-appliances
ordinateur,Ordinateur,external-appliance,Appareils externes,AC1,,DEFER,Aucun contrat modelType Flutter actuellement démontré dans la surface qualifiée ; rester invisible jusqu’à preuve et qualification moteur explicites.,G5,external-appliances
pompe_industrielle,Pompe industrielle,external-appliance,Appareils externes,AC3,,DEFER,Aucun contrat modelType Flutter actuellement démontré dans la surface qualifiée ; rester invisible jusqu’à preuve et qualification moteur explicites.,G5,external-appliances
pompe_monophasee,Pompe monophasée,external-appliance,Appareils externes,AC1,,DEFER,Aucun contrat modelType Flutter actuellement démontré dans la surface qualifiée ; rester invisible jusqu’à preuve et qualification moteur explicites.,G5,external-appliances
pompe_solaire,Pompe solaire DC,external-appliance,Appareils externes,DC,,DEFER,Aucun contrat modelType Flutter actuellement démontré dans la surface qualifiée ; rester invisible jusqu’à preuve et qualification moteur explicites.,G5,external-appliances
refrigerateur,Réfrigérateur,external-appliance,Appareils externes,AC1,,DEFER,Aucun contrat modelType Flutter actuellement démontré dans la surface qualifiée ; rester invisible jusqu’à preuve et qualification moteur explicites.,G5,external-appliances
refrigerateur_solaire,Réfrigérateur solaire DC,external-appliance,Appareils externes,DC,,DEFER,Aucun contrat modelType Flutter actuellement démontré dans la surface qualifiée ; rester invisible jusqu’à preuve et qualification moteur explicites.,G5,external-appliances
television,Télévision,external-appliance,Appareils externes,AC1,,DEFER,Aucun contrat modelType Flutter actuellement démontré dans la surface qualifiée ; rester invisible jusqu’à preuve et qualification moteur explicites.,G5,external-appliances
ventilateur_dc,Ventilateur DC,external-appliance,Appareils externes,DC,,DEFER,Aucun contrat modelType Flutter actuellement démontré dans la surface qualifiée ; rester invisible jusqu’à preuve et qualification moteur explicites.,G5,external-appliances
ventilateur_domestique,Ventilateur domestique,external-appliance,Appareils externes,AC1,,DEFER,Aucun contrat modelType Flutter actuellement démontré dans la surface qualifiée ; rester invisible jusqu’à preuve et qualification moteur explicites.,G5,external-appliances
ventilateur_industriel,Ventilateur industriel,external-appliance,Appareils externes,AC3,,DEFER,Aucun contrat modelType Flutter actuellement démontré dans la surface qualifiée ; rester invisible jusqu’à preuve et qualification moteur explicites.,G5,external-appliances
capacitorGeneric,Condensateur,palette-component,Capacitifs & inductifs,"CC,AC 1φ",,DEFER,Aucun contrat modelType Flutter actuellement démontré dans la surface qualifiée ; rester invisible jusqu’à preuve et qualification moteur explicites.,G5,passive-rlc
ceramicCap,Condensateur céramique,palette-component,Capacitifs & inductifs,"CC,AC 1φ",,DEFER,Aucun contrat modelType Flutter actuellement démontré dans la surface qualifiée ; rester invisible jusqu’à preuve et qualification moteur explicites.,G5,passive-rlc
chokeAC,Self / choke AC,palette-component,Capacitifs & inductifs,AC 1φ,,DEFER,Aucun contrat modelType Flutter actuellement démontré dans la surface qualifiée ; rester invisible jusqu’à preuve et qualification moteur explicites.,G5,passive-rlc
chokeDC,Self / choke CC,palette-component,Capacitifs & inductifs,CC,,DEFER,Aucun contrat modelType Flutter actuellement démontré dans la surface qualifiée ; rester invisible jusqu’à preuve et qualification moteur explicites.,G5,passive-rlc
electrolyticCap,Condensateur électrolytique,palette-component,Capacitifs & inductifs,CC,,DEFER,Aucun contrat modelType Flutter actuellement démontré dans la surface qualifiée ; rester invisible jusqu’à preuve et qualification moteur explicites.,G5,passive-rlc
filmCap,Condensateur film,palette-component,Capacitifs & inductifs,"CC,AC 1φ",,DEFER,Aucun contrat modelType Flutter actuellement démontré dans la surface qualifiée ; rester invisible jusqu’à preuve et qualification moteur explicites.,G5,passive-rlc
inductorGeneric,Inductance,palette-component,Capacitifs & inductifs,"CC,AC 1φ",,DEFER,Aucun contrat modelType Flutter actuellement démontré dans la surface qualifiée ; rester invisible jusqu’à preuve et qualification moteur explicites.,G5,passive-rlc
supercapacitor,Supercondensateur,palette-component,Capacitifs & inductifs,CC,,DEFER,Aucun contrat modelType Flutter actuellement démontré dans la surface qualifiée ; rester invisible jusqu’à preuve et qualification moteur explicites.,G5,passive-rlc
auxContactNC,Contact auxiliaire NC,palette-component,Commande & détection,"CC,AC 1φ",,DEFER,Aucun contrat modelType Flutter actuellement démontré dans la surface qualifiée ; rester invisible jusqu’à preuve et qualification moteur explicites.,G5,control-detection
auxContactNO,Contact auxiliaire NO,palette-component,Commande & détection,"CC,AC 1φ",,DEFER,Aucun contrat modelType Flutter actuellement démontré dans la surface qualifiée ; rester invisible jusqu’à preuve et qualification moteur explicites.,G5,control-detection
contactorAC,Contacteur AC,palette-component,Commande & détection,AC 1φ,,DEFER,Aucun contrat modelType Flutter actuellement démontré dans la surface qualifiée ; rester invisible jusqu’à preuve et qualification moteur explicites.,G5,control-detection
contactorCoilAC,Bobine contacteur AC,palette-component,Commande & détection,AC 1φ,,DEFER,Aucun contrat modelType Flutter actuellement démontré dans la surface qualifiée ; rester invisible jusqu’à preuve et qualification moteur explicites.,G5,control-detection
contactorCoilDC,Bobine contacteur CC,palette-component,Commande & détection,CC,,DEFER,Aucun contrat modelType Flutter actuellement démontré dans la surface qualifiée ; rester invisible jusqu’à preuve et qualification moteur explicites.,G5,control-detection
contactorDC,Contacteur CC,palette-component,Commande & détection,CC,,DEFER,Aucun contrat modelType Flutter actuellement démontré dans la surface qualifiée ; rester invisible jusqu’à preuve et qualification moteur explicites.,G5,control-detection
disconnectSwitch,Sectionneur,palette-component,Commande & détection,"CC,AC 1φ",,DEFER,Aucun contrat modelType Flutter actuellement démontré dans la surface qualifiée ; rester invisible jusqu’à preuve et qualification moteur explicites.,G5,control-detection
emergencyStop,Arrêt d'urgence NC,palette-component,Commande & détection,"CC,AC 1φ",,DEFER,Aucun contrat modelType Flutter actuellement démontré dans la surface qualifiée ; rester invisible jusqu’à preuve et qualification moteur explicites.,G5,control-detection
floatSwitchNC,Flotteur NC,palette-component,Commande & détection,"CC,AC 1φ",,DEFER,Aucun contrat modelType Flutter actuellement démontré dans la surface qualifiée ; rester invisible jusqu’à preuve et qualification moteur explicites.,G5,control-detection
floatSwitchNO,Flotteur NO,palette-component,Commande & détection,"CC,AC 1φ",,DEFER,Aucun contrat modelType Flutter actuellement démontré dans la surface qualifiée ; rester invisible jusqu’à preuve et qualification moteur explicites.,G5,control-detection
keySwitch,Interrupteur à clé,palette-component,Commande & détection,"CC,AC 1φ",,DEFER,Aucun contrat modelType Flutter actuellement démontré dans la surface qualifiée ; rester invisible jusqu’à preuve et qualification moteur explicites.,G5,control-detection
limitSwitchNC,Fin de course NC,palette-component,Commande & détection,"CC,AC 1φ",,DEFER,Aucun contrat modelType Flutter actuellement démontré dans la surface qualifiée ; rester invisible jusqu’à preuve et qualification moteur explicites.,G5,control-detection
limitSwitchNO,Fin de course NO,palette-component,Commande & détection,"CC,AC 1φ",,DEFER,Aucun contrat modelType Flutter actuellement démontré dans la surface qualifiée ; rester invisible jusqu’à preuve et qualification moteur explicites.,G5,control-detection
overloadContactNC,Contact thermique NC,palette-component,Commande & détection,"CC,AC 1φ",,DEFER,Aucun contrat modelType Flutter actuellement démontré dans la surface qualifiée ; rester invisible jusqu’à preuve et qualification moteur explicites.,G5,control-detection
pedalNO,Pédale NO,palette-component,Commande & détection,"CC,AC 1φ",,DEFER,Aucun contrat modelType Flutter actuellement démontré dans la surface qualifiée ; rester invisible jusqu’à preuve et qualification moteur explicites.,G5,control-detection
photoelectricNO,Capteur photoélectrique NO,palette-component,Commande & détection,"CC,AC 1φ",,DEFER,Aucun contrat modelType Flutter actuellement démontré dans la surface qualifiée ; rester invisible jusqu’à preuve et qualification moteur explicites.,G5,control-detection
pressureSwitchNO,Pressostat NO,palette-component,Commande & détection,"CC,AC 1φ",,DEFER,Aucun contrat modelType Flutter actuellement démontré dans la surface qualifiée ; rester invisible jusqu’à preuve et qualification moteur explicites.,G5,control-detection
proximityNO,Capteur proximité NO,palette-component,Commande & détection,"CC,AC 1φ",,DEFER,Aucun contrat modelType Flutter actuellement démontré dans la surface qualifiée ; rester invisible jusqu’à preuve et qualification moteur explicites.,G5,control-detection
pushNC,BP NC,palette-component,Commande & détection,"CC,AC 1φ",,DEFER,Aucun contrat modelType Flutter actuellement démontré dans la surface qualifiée ; rester invisible jusqu’à preuve et qualification moteur explicites.,G5,control-detection
pushNO,BP NO,palette-component,Commande & détection,"CC,AC 1φ",push_button_no,REBUILD,Fonction déjà démontrée par un modelType Flutter actuel ; reconstruire une identité visuelle et une UX product-grade sans reprendre le code legacy.,G4,control-detection
reedSwitch,ILS / Reed,palette-component,Commande & détection,"CC,AC 1φ",,DEFER,Aucun contrat modelType Flutter actuellement démontré dans la surface qualifiée ; rester invisible jusqu’à preuve et qualification moteur explicites.,G5,control-detection
relayAC,Relais AC,palette-component,Commande & détection,AC 1φ,,DEFER,Aucun contrat modelType Flutter actuellement démontré dans la surface qualifiée ; rester invisible jusqu’à preuve et qualification moteur explicites.,G5,control-detection
relayCoilAC,Bobine relais AC,palette-component,Commande & détection,AC 1φ,,DEFER,Aucun contrat modelType Flutter actuellement démontré dans la surface qualifiée ; rester invisible jusqu’à preuve et qualification moteur explicites.,G5,control-detection
relayCoilDC,Bobine relais CC,palette-component,Commande & détection,CC,relay_coil,REBUILD,Fonction déjà démontrée par un modelType Flutter actuel ; reconstruire une identité visuelle et une UX product-grade sans reprendre le code legacy.,G4,control-detection
relayDC,Relais CC,palette-component,Commande & détection,CC,,DEFER,Aucun contrat modelType Flutter actuellement démontré dans la surface qualifiée ; rester invisible jusqu’à preuve et qualification moteur explicites.,G5,control-detection
selectorSwitch,Sélecteur 2 positions,palette-component,Commande & détection,"CC,AC 1φ",,DEFER,Aucun contrat modelType Flutter actuellement démontré dans la surface qualifiée ; rester invisible jusqu’à preuve et qualification moteur explicites.,G5,control-detection
switchNC,Interrupteur NC,palette-component,Commande & détection,"CC,AC 1φ",,DEFER,Aucun contrat modelType Flutter actuellement démontré dans la surface qualifiée ; rester invisible jusqu’à preuve et qualification moteur explicites.,G5,control-detection
switchNO,Interrupteur NO,palette-component,Commande & détection,"CC,AC 1φ",switch,REBUILD,Fonction déjà démontrée par un modelType Flutter actuel ; reconstruire une identité visuelle et une UX product-grade sans reprendre le code legacy.,G4,control-detection
thermostatNC,Thermostat NC,palette-component,Commande & détection,"CC,AC 1φ",,DEFER,Aucun contrat modelType Flutter actuellement démontré dans la surface qualifiée ; rester invisible jusqu’à preuve et qualification moteur explicites.,G5,control-detection
ac3AuxNC,Contact auxiliaire NC,palette-component,Commande moteur 3φ,AC 3φ,,DEFER,Aucun contrat modelType Flutter actuellement démontré dans la surface qualifiée ; rester invisible jusqu’à preuve et qualification moteur explicites.,G5,ac3-motor-control
ac3AuxNO,Contact auxiliaire NO,palette-component,Commande moteur 3φ,AC 3φ,,DEFER,Aucun contrat modelType Flutter actuellement démontré dans la surface qualifiée ; rester invisible jusqu’à preuve et qualification moteur explicites.,G5,ac3-motor-control
ac3EmergencyStop,Arrêt d'urgence NC,palette-component,Commande moteur 3φ,AC 3φ,,DEFER,Aucun contrat modelType Flutter actuellement démontré dans la surface qualifiée ; rester invisible jusqu’à preuve et qualification moteur explicites.,G5,ac3-motor-control
ac3StartNO,Marche NO,palette-component,Commande moteur 3φ,AC 3φ,,DEFER,Aucun contrat modelType Flutter actuellement démontré dans la surface qualifiée ; rester invisible jusqu’à preuve et qualification moteur explicites.,G5,ac3-motor-control
ac3StopNC,Arrêt NC,palette-component,Commande moteur 3φ,AC 3φ,,DEFER,Aucun contrat modelType Flutter actuellement démontré dans la surface qualifiée ; rester invisible jusqu’à preuve et qualification moteur explicites.,G5,ac3-motor-control
contactorCoilAC3,Bobine contacteur A1/A2,palette-component,Commande moteur 3φ,AC 3φ,,DEFER,Aucun contrat modelType Flutter actuellement démontré dans la surface qualifiée ; rester invisible jusqu’à preuve et qualification moteur explicites.,G5,ac3-motor-control
controlSupply24,Alimentation commande 24 V AC/DC,palette-component,Commande moteur 3φ,AC 3φ,,DEFER,Aucun contrat modelType Flutter actuellement démontré dans la surface qualifiée ; rester invisible jusqu’à preuve et qualification moteur explicites.,G5,ac3-motor-control
directStarter3,Démarreur direct complet,palette-component,Commande moteur 3φ,AC 3φ,,DEFER,Aucun contrat modelType Flutter actuellement démontré dans la surface qualifiée ; rester invisible jusqu’à preuve et qualification moteur explicites.,G5,ac3-motor-control
reversingContactor3p,Contacteur inverseur 3P,palette-component,Commande moteur 3φ,AC 3φ,,DEFER,Aucun contrat modelType Flutter actuellement démontré dans la surface qualifiée ; rester invisible jusqu’à preuve et qualification moteur explicites.,G5,ac3-motor-control
starDeltaStarter3,Démarreur étoile-triangle complet,palette-component,Commande moteur 3φ,AC 3φ,,DEFER,Aucun contrat modelType Flutter actuellement démontré dans la surface qualifiée ; rester invisible jusqu’à preuve et qualification moteur explicites.,G5,ac3-motor-control
diodeRectifier,Diode redresseuse,palette-component,Diodes & semi-conducteurs CC,CC,diode,REBUILD,Fonction déjà démontrée par un modelType Flutter actuel ; reconstruire une identité visuelle et une UX product-grade sans reprendre le code legacy.,G4,dc-semiconductors
diodeSchottky,Diode Schottky,palette-component,Diodes & semi-conducteurs CC,CC,,DEFER,Aucun contrat modelType Flutter actuellement démontré dans la surface qualifiée ; rester invisible jusqu’à preuve et qualification moteur explicites.,G5,dc-semiconductors
flybackDiode,Diode roue libre,palette-component,Diodes & semi-conducteurs CC,CC,,DEFER,Aucun contrat modelType Flutter actuellement démontré dans la surface qualifiée ; rester invisible jusqu’à preuve et qualification moteur explicites.,G5,dc-semiconductors
ledGeneric,LED,palette-component,Diodes & semi-conducteurs CC,CC,,DEFER,Aucun contrat modelType Flutter actuellement démontré dans la surface qualifiée ; rester invisible jusqu’à preuve et qualification moteur explicites.,G5,dc-semiconductors
pont,Pont redresseur,palette-component,Diodes & semi-conducteurs CC,AC 1φ,,DEFER,Aucun contrat modelType Flutter actuellement démontré dans la surface qualifiée ; rester invisible jusqu’à preuve et qualification moteur explicites.,G5,dc-semiconductors
reversePolarityDiode,Diode anti-inversion,palette-component,Diodes & semi-conducteurs CC,CC,,DEFER,Aucun contrat modelType Flutter actuellement démontré dans la surface qualifiée ; rester invisible jusqu’à preuve et qualification moteur explicites.,G5,dc-semiconductors
tvsDiode,Diode TVS,palette-component,Diodes & semi-conducteurs CC,CC,,DEFER,Aucun contrat modelType Flutter actuellement démontré dans la surface qualifiée ; rester invisible jusqu’à preuve et qualification moteur explicites.,G5,dc-semiconductors
zenerGeneric,Diode Zener,palette-component,Diodes & semi-conducteurs CC,CC,,DEFER,Aucun contrat modelType Flutter actuellement démontré dans la surface qualifiée ; rester invisible jusqu’à preuve et qualification moteur explicites.,G5,dc-semiconductors
breaker3p,Disjoncteur 3P,palette-component,Distribution & protection 3φ,AC 3φ,,DEFER,Aucun contrat modelType Flutter actuellement démontré dans la surface qualifiée ; rester invisible jusqu’à preuve et qualification moteur explicites.,G5,ac3-protection-distribution
breaker4p,Disjoncteur 4P,palette-component,Distribution & protection 3φ,AC 3φ,,DEFER,Aucun contrat modelType Flutter actuellement démontré dans la surface qualifiée ; rester invisible jusqu’à preuve et qualification moteur explicites.,G5,ac3-protection-distribution
contactor3p,Contacteur 3P,palette-component,Distribution & protection 3φ,AC 3φ,,DEFER,Aucun contrat modelType Flutter actuellement démontré dans la surface qualifiée ; rester invisible jusqu’à preuve et qualification moteur explicites.,G5,ac3-protection-distribution
disconnect3p,Sectionneur 3P,palette-component,Distribution & protection 3φ,AC 3φ,,DEFER,Aucun contrat modelType Flutter actuellement démontré dans la surface qualifiée ; rester invisible jusqu’à preuve et qualification moteur explicites.,G5,ac3-protection-distribution
disconnect4p,Sectionneur 4P,palette-component,Distribution & protection 3φ,AC 3φ,,DEFER,Aucun contrat modelType Flutter actuellement démontré dans la surface qualifiée ; rester invisible jusqu’à preuve et qualification moteur explicites.,G5,ac3-protection-distribution
motorBreaker3p,Disjoncteur moteur 3P,palette-component,Distribution & protection 3φ,AC 3φ,,DEFER,Aucun contrat modelType Flutter actuellement démontré dans la surface qualifiée ; rester invisible jusqu’à preuve et qualification moteur explicites.,G5,ac3-protection-distribution
motorBreakerMag3p,Disjoncteur moteur magnétothermique,palette-component,Distribution & protection 3φ,AC 3φ,,DEFER,Aucun contrat modelType Flutter actuellement démontré dans la surface qualifiée ; rester invisible jusqu’à preuve et qualification moteur explicites.,G5,ac3-protection-distribution
phaseControlRelay3,Relais contrôle de phases,palette-component,Distribution & protection 3φ,AC 3φ,,DEFER,Aucun contrat modelType Flutter actuellement démontré dans la surface qualifiée ; rester invisible jusqu’à preuve et qualification moteur explicites.,G5,ac3-protection-distribution
terminalBlock3,Bornier L1/L2/L3/N/PE,palette-component,Distribution & protection 3φ,AC 3φ,,DEFER,Aucun contrat modelType Flutter actuellement démontré dans la surface qualifiée ; rester invisible jusqu’à preuve et qualification moteur explicites.,G5,ac3-protection-distribution
thermal3p,Relais thermique 3φ,palette-component,Distribution & protection 3φ,AC 3φ,,DEFER,Aucun contrat modelType Flutter actuellement démontré dans la surface qualifiée ; rester invisible jusqu’à preuve et qualification moteur explicites.,G5,ac3-protection-distribution
voltageRelay3,Relais manque / surtension,palette-component,Distribution & protection 3φ,AC 3φ,,DEFER,Aucun contrat modelType Flutter actuellement démontré dans la surface qualifiée ; rester invisible jusqu’à preuve et qualification moteur explicites.,G5,ac3-protection-distribution
pvIrradianceSensor,Irradiance,palette-component,Environnement PV,PV,,DEFER,Aucun contrat modelType Flutter actuellement démontré dans la surface qualifiée ; rester invisible jusqu’à preuve et qualification moteur explicites.,G5,pv-environment
pvShadingSensor,Ombrage,palette-component,Environnement PV,PV,,DEFER,Aucun contrat modelType Flutter actuellement démontré dans la surface qualifiée ; rester invisible jusqu’à preuve et qualification moteur explicites.,G5,pv-environment
pvTemperatureSensor,Température cellule,palette-component,Environnement PV,PV,,DEFER,Aucun contrat modelType Flutter actuellement démontré dans la surface qualifiée ; rester invisible jusqu’à preuve et qualification moteur explicites.,G5,pv-environment
bobine,Bobine,palette-component,Legacy / compatibilité,"CC,AC 1φ",,RETIRE,Entrée de compatibilité historique redondante ; ne pas la reproduire comme famille produit F18.,G5,legacy-reference-only
buzzer,Buzzer,palette-component,Legacy / compatibilité,"CC,AC 1φ",,RETIRE,Entrée de compatibilité historique redondante ; ne pas la reproduire comme famille produit F18.,G5,legacy-reference-only
condo,Condensateur,palette-component,Legacy / compatibilité,"CC,AC 1φ",,RETIRE,Entrée de compatibilité historique redondante ; ne pas la reproduire comme famille produit F18.,G5,legacy-reference-only
diode,Diode,palette-component,Legacy / compatibilité,CC,,RETIRE,Entrée de compatibilité historique redondante ; ne pas la reproduire comme famille produit F18.,G5,legacy-reference-only
disjoncteur,Disjonct.,palette-component,Legacy / compatibilité,"CC,AC 1φ",,RETIRE,Entrée de compatibilité historique redondante ; ne pas la reproduire comme famille produit F18.,G5,legacy-reference-only
fusible,Fusible 2A,palette-component,Legacy / compatibilité,"CC,AC 1φ",,RETIRE,Entrée de compatibilité historique redondante ; ne pas la reproduire comme famille produit F18.,G5,legacy-reference-only
lamp12,Lampe 12V,palette-component,Legacy / compatibilité,"CC,AC 1φ,PV",,RETIRE,Entrée de compatibilité historique redondante ; ne pas la reproduire comme famille produit F18.,G5,legacy-reference-only
lamp230,Lampe 230V,palette-component,Legacy / compatibilité,"AC 1φ,PV",,RETIRE,Entrée de compatibilité historique redondante ; ne pas la reproduire comme famille produit F18.,G5,legacy-reference-only
ledR,LED Rouge,palette-component,Legacy / compatibilité,CC,,RETIRE,Entrée de compatibilité historique redondante ; ne pas la reproduire comme famille produit F18.,G5,legacy-reference-only
ledV,LED Verte,palette-component,Legacy / compatibilité,CC,,RETIRE,Entrée de compatibilité historique redondante ; ne pas la reproduire comme famille produit F18.,G5,legacy-reference-only
motor12,Moteur CC,palette-component,Legacy / compatibilité,CC,,RETIRE,Entrée de compatibilité historique redondante ; ne pas la reproduire comme famille produit F18.,G5,legacy-reference-only
pile12,Pile 12V,palette-component,Legacy / compatibilité,CC,,RETIRE,Entrée de compatibilité historique redondante ; ne pas la reproduire comme famille produit F18.,G5,legacy-reference-only
pile15,Pile 1.5V,palette-component,Legacy / compatibilité,CC,,RETIRE,Entrée de compatibilité historique redondante ; ne pas la reproduire comme famille produit F18.,G5,legacy-reference-only
pile9,Pile 9V,palette-component,Legacy / compatibilité,CC,,RETIRE,Entrée de compatibilité historique redondante ; ne pas la reproduire comme famille produit F18.,G5,legacy-reference-only
r100,100 Ω,palette-component,Legacy / compatibilité,"CC,AC 1φ",,RETIRE,Entrée de compatibilité historique redondante ; ne pas la reproduire comme famille produit F18.,G5,legacy-reference-only
r10k,10 kΩ,palette-component,Legacy / compatibilité,"CC,AC 1φ",,RETIRE,Entrée de compatibilité historique redondante ; ne pas la reproduire comme famille produit F18.,G5,legacy-reference-only
r1k,1 kΩ,palette-component,Legacy / compatibilité,"CC,AC 1φ",,RETIRE,Entrée de compatibilité historique redondante ; ne pas la reproduire comme famille produit F18.,G5,legacy-reference-only
r220,R 220 Ω,palette-component,Legacy / compatibilité,"CC,AC 1φ",,RETIRE,Entrée de compatibilité historique redondante ; ne pas la reproduire comme famille produit F18.,G5,legacy-reference-only
r470,470 Ω,palette-component,Legacy / compatibilité,"CC,AC 1φ",,RETIRE,Entrée de compatibilité historique redondante ; ne pas la reproduire comme famille produit F18.,G5,legacy-reference-only
rVariable,R variable,palette-component,Legacy / compatibilité,"CC,AC 1φ",,RETIRE,Entrée de compatibilité historique redondante ; ne pas la reproduire comme famille produit F18.,G5,legacy-reference-only
relais,Relais,palette-component,Legacy / compatibilité,CC,,RETIRE,Entrée de compatibilité historique redondante ; ne pas la reproduire comme famille produit F18.,G5,legacy-reference-only
sourceAC,Source 230V~,palette-component,Legacy / compatibilité,AC 1φ,,RETIRE,Entrée de compatibilité historique redondante ; ne pas la reproduire comme famille produit F18.,G5,legacy-reference-only
sourceAC24,Source 24V~,palette-component,Legacy / compatibilité,AC 1φ,,RETIRE,Entrée de compatibilité historique redondante ; ne pas la reproduire comme famille produit F18.,G5,legacy-reference-only
sourceDC24,Alim. 24V CC,palette-component,Legacy / compatibilité,CC,,RETIRE,Entrée de compatibilité historique redondante ; ne pas la reproduire comme famille produit F18.,G5,legacy-reference-only
switch,Inter K1,palette-component,Legacy / compatibilité,"CC,AC 1φ",,RETIRE,Entrée de compatibilité historique redondante ; ne pas la reproduire comme famille produit F18.,G5,legacy-reference-only
zener,Zener 5.1V,palette-component,Legacy / compatibilité,CC,,RETIRE,Entrée de compatibilité historique redondante ; ne pas la reproduire comme famille produit F18.,G5,legacy-reference-only
amp,Ampèremètre,palette-component,Mesure,"CC,AC 1φ",,REPLACE,"Remplacer le composant legacy par un instrument adossé à MeasurementEngine, sans valeur calculée par l’UI.",G7,measurement
continuity,Testeur de continuité,palette-component,Mesure,"CC,AC 1φ,AC 3φ,PV",,REPLACE,"Remplacer le composant legacy par un instrument adossé à MeasurementEngine, sans valeur calculée par l’UI.",G7,measurement
volt,Voltmètre,palette-component,Mesure,"CC,AC 1φ",,REPLACE,"Remplacer le composant legacy par un instrument adossé à MeasurementEngine, sans valeur calculée par l’UI.",G7,measurement
ammeterAC3,Ampèremètre par phase,palette-component,Mesure 3φ,AC 3φ,,REPLACE,"Remplacer le composant legacy par un instrument adossé à MeasurementEngine, sans valeur calculée par l’UI.",G7,measurement
frequencyMeterAC3,Fréquencemètre,palette-component,Mesure 3φ,AC 3φ,,REPLACE,"Remplacer le composant legacy par un instrument adossé à MeasurementEngine, sans valeur calculée par l’UI.",G7,measurement
meterAC3,Centrale de mesure 3φ,palette-component,Mesure 3φ,AC 3φ,,REPLACE,"Remplacer le composant legacy par un instrument adossé à MeasurementEngine, sans valeur calculée par l’UI.",G7,measurement
phasePresence3,Présence des phases,palette-component,Mesure 3φ,AC 3φ,,REPLACE,"Remplacer le composant legacy par un instrument adossé à MeasurementEngine, sans valeur calculée par l’UI.",G7,measurement
phaseSequence3,Ordre des phases,palette-component,Mesure 3φ,AC 3φ,,REPLACE,"Remplacer le composant legacy par un instrument adossé à MeasurementEngine, sans valeur calculée par l’UI.",G7,measurement
powerMeterAC3,Wattmètre P / Q / S,palette-component,Mesure 3φ,AC 3φ,,REPLACE,"Remplacer le composant legacy par un instrument adossé à MeasurementEngine, sans valeur calculée par l’UI.",G7,measurement
starDeltaTimer,Temporisateur étoile-triangle,palette-component,Mesure 3φ,"AC 3φ,AC 1φ,CC",,REPLACE,"Remplacer le composant legacy par un instrument adossé à MeasurementEngine, sans valeur calculée par l’UI.",G7,measurement
voltmeterAC3,Voltmètre triphasé,palette-component,Mesure 3φ,AC 3φ,,REPLACE,"Remplacer le composant legacy par un instrument adossé à MeasurementEngine, sans valeur calculée par l’UI.",G7,measurement
deltaLoad3,Charge triangle,palette-component,Moteurs & charges 3φ,"AC 3φ,PV",,DEFER,Aucun contrat modelType Flutter actuellement démontré dans la surface qualifiée ; rester invisible jusqu’à preuve et qualification moteur explicites.,G5,ac3-loads
motor3,Moteur triphasé,palette-component,Moteurs & charges 3φ,"AC 3φ,PV",,DEFER,Aucun contrat modelType Flutter actuellement démontré dans la surface qualifiée ; rester invisible jusqu’à preuve et qualification moteur explicites.,G5,ac3-loads
motor6,Moteur 6 bornes,palette-component,Moteurs & charges 3φ,"AC 3φ,PV",,DEFER,Aucun contrat modelType Flutter actuellement démontré dans la surface qualifiée ; rester invisible jusqu’à preuve et qualification moteur explicites.,G5,ac3-loads
motorTerminalBlock6,Bornier moteur 6 voies,palette-component,Moteurs & charges 3φ,AC 3φ,,DEFER,Aucun contrat modelType Flutter actuellement démontré dans la surface qualifiée ; rester invisible jusqu’à preuve et qualification moteur explicites.,G5,ac3-loads
resistiveLoad3,Charge résistive triphasée réglable,palette-component,Moteurs & charges 3φ,"AC 3φ,PV",,DEFER,Aucun contrat modelType Flutter actuellement démontré dans la surface qualifiée ; rester invisible jusqu’à preuve et qualification moteur explicites.,G5,ac3-loads
starDeltaBridge3,Barrettes étoile / triangle,palette-component,Moteurs & charges 3φ,AC 3φ,,DEFER,Aucun contrat modelType Flutter actuellement démontré dans la surface qualifiée ; rester invisible jusqu’à preuve et qualification moteur explicites.,G5,ac3-loads
starLoad3,Charge étoile,palette-component,Moteurs & charges 3φ,"AC 3φ,PV",,DEFER,Aucun contrat modelType Flutter actuellement démontré dans la surface qualifiée ; rester invisible jusqu’à preuve et qualification moteur explicites.,G5,ac3-loads
pvArray,Champ PV,palette-component,Production photovoltaïque,PV,,DEFER,Aucun contrat modelType Flutter actuellement démontré dans la surface qualifiée ; rester invisible jusqu’à preuve et qualification moteur explicites.,G5,pv-generation
pvBlockingDiode,Diode anti-retour,palette-component,Production photovoltaïque,PV,,DEFER,Aucun contrat modelType Flutter actuellement démontré dans la surface qualifiée ; rester invisible jusqu’à preuve et qualification moteur explicites.,G5,pv-generation
pvBypassDiode,Diode bypass,palette-component,Production photovoltaïque,PV,,DEFER,Aucun contrat modelType Flutter actuellement démontré dans la surface qualifiée ; rester invisible jusqu’à preuve et qualification moteur explicites.,G5,pv-generation
pvCell,Cellule PV,palette-component,Production photovoltaïque,PV,,DEFER,Aucun contrat modelType Flutter actuellement démontré dans la surface qualifiée ; rester invisible jusqu’à preuve et qualification moteur explicites.,G5,pv-generation
pvCombinerBox,Combiner box PV,palette-component,Production photovoltaïque,PV,,DEFER,Aucun contrat modelType Flutter actuellement démontré dans la surface qualifiée ; rester invisible jusqu’à preuve et qualification moteur explicites.,G5,pv-generation
pvPanel,Panneau PV,palette-component,Production photovoltaïque,PV,,DEFER,Aucun contrat modelType Flutter actuellement démontré dans la surface qualifiée ; rester invisible jusqu’à preuve et qualification moteur explicites.,G5,pv-generation
pvString,String PV,palette-component,Production photovoltaïque,PV,,DEFER,Aucun contrat modelType Flutter actuellement démontré dans la surface qualifiée ; rester invisible jusqu’à preuve et qualification moteur explicites.,G5,pv-generation
pvBreakerDC,Disjoncteur DC PV,palette-component,Protection & sectionnement PV,PV,,DEFER,Aucun contrat modelType Flutter actuellement démontré dans la surface qualifiée ; rester invisible jusqu’à preuve et qualification moteur explicites.,G5,pv-protection
pvDisconnectDC,Sectionneur PV,palette-component,Protection & sectionnement PV,PV,,DEFER,Aucun contrat modelType Flutter actuellement démontré dans la surface qualifiée ; rester invisible jusqu’à preuve et qualification moteur explicites.,G5,pv-protection
pvFuseDC,Fusible string PV,palette-component,Protection & sectionnement PV,PV,,DEFER,Aucun contrat modelType Flutter actuellement démontré dans la surface qualifiée ; rester invisible jusqu’à preuve et qualification moteur explicites.,G5,pv-protection
pvSpdDC,Parafoudre SPD DC,palette-component,Protection & sectionnement PV,PV,,DEFER,Aucun contrat modelType Flutter actuellement démontré dans la surface qualifiée ; rester invisible jusqu’à preuve et qualification moteur explicites.,G5,pv-protection
breakerAC,Disjoncteur AC,palette-component,Protection CC / AC,AC 1φ,,DEFER,Aucun contrat modelType Flutter actuellement démontré dans la surface qualifiée ; rester invisible jusqu’à preuve et qualification moteur explicites.,G5,protection-generic
breakerDC,Disjoncteur CC,palette-component,Protection CC / AC,CC,breaker,REBUILD,Fonction déjà démontrée par un modelType Flutter actuel ; reconstruire une identité visuelle et une UX product-grade sans reprendre le code legacy.,G4,protection-generic
fuseGeneric,Fusible,palette-component,Protection CC / AC,"CC,AC 1φ",fuse,REBUILD,Fonction déjà démontrée par un modelType Flutter actuel ; reconstruire une identité visuelle et une UX product-grade sans reprendre le code legacy.,G4,protection-generic
motorProtectionBreaker,Disjoncteur moteur,palette-component,Protection CC / AC,"CC,AC 1φ",,DEFER,Aucun contrat modelType Flutter actuellement démontré dans la surface qualifiée ; rester invisible jusqu’à preuve et qualification moteur explicites.,G5,protection-generic
resettableFuse,Fusible réarmable PTC,palette-component,Protection CC / AC,"CC,AC 1φ",,DEFER,Aucun contrat modelType Flutter actuellement démontré dans la surface qualifiée ; rester invisible jusqu’à preuve et qualification moteur explicites.,G5,protection-generic
thermalFuse,Fusible thermique,palette-component,Protection CC / AC,"CC,AC 1φ",,DEFER,Aucun contrat modelType Flutter actuellement démontré dans la surface qualifiée ; rester invisible jusqu’à preuve et qualification moteur explicites.,G5,protection-generic
thermalOverload,Relais thermique surcharge,palette-component,Protection CC / AC,"CC,AC 1φ",,DEFER,Aucun contrat modelType Flutter actuellement démontré dans la surface qualifiée ; rester invisible jusqu’à preuve et qualification moteur explicites.,G5,protection-generic
beaconAC,Balise lumineuse AC,palette-component,Récepteurs & actionneurs CC / AC,"AC 1φ,PV",,DEFER,Aucun contrat modelType Flutter actuellement démontré dans la surface qualifiée ; rester invisible jusqu’à preuve et qualification moteur explicites.,G5,receivers-actuators
beaconDC,Balise lumineuse CC,palette-component,Récepteurs & actionneurs CC / AC,"CC,PV",,DEFER,Aucun contrat modelType Flutter actuellement démontré dans la surface qualifiée ; rester invisible jusqu’à preuve et qualification moteur explicites.,G5,receivers-actuators
bellAC,Sonnerie / cloche AC,palette-component,Récepteurs & actionneurs CC / AC,"AC 1φ,PV",,DEFER,Aucun contrat modelType Flutter actuellement démontré dans la surface qualifiée ; rester invisible jusqu’à preuve et qualification moteur explicites.,G5,receivers-actuators
bellDC,Sonnerie / cloche CC,palette-component,Récepteurs & actionneurs CC / AC,"CC,PV",,DEFER,Aucun contrat modelType Flutter actuellement démontré dans la surface qualifiée ; rester invisible jusqu’à preuve et qualification moteur explicites.,G5,receivers-actuators
brakeCoilAC,Frein électromagnétique AC,palette-component,Récepteurs & actionneurs CC / AC,"AC 1φ,PV",,DEFER,Aucun contrat modelType Flutter actuellement démontré dans la surface qualifiée ; rester invisible jusqu’à preuve et qualification moteur explicites.,G5,receivers-actuators
brakeCoilDC,Frein électromagnétique CC,palette-component,Récepteurs & actionneurs CC / AC,"CC,PV",,DEFER,Aucun contrat modelType Flutter actuellement démontré dans la surface qualifiée ; rester invisible jusqu’à preuve et qualification moteur explicites.,G5,receivers-actuators
buzzerAC,Buzzer AC,palette-component,Récepteurs & actionneurs CC / AC,"AC 1φ,PV",,DEFER,Aucun contrat modelType Flutter actuellement démontré dans la surface qualifiée ; rester invisible jusqu’à preuve et qualification moteur explicites.,G5,receivers-actuators
buzzerDC,Buzzer CC,palette-component,Récepteurs & actionneurs CC / AC,"CC,PV",buzzer,REBUILD,Fonction déjà démontrée par un modelType Flutter actuel ; reconstruire une identité visuelle et une UX product-grade sans reprendre le code legacy.,G4,receivers-actuators
electromagnetAC,Électroaimant AC,palette-component,Récepteurs & actionneurs CC / AC,"AC 1φ,PV",,DEFER,Aucun contrat modelType Flutter actuellement démontré dans la surface qualifiée ; rester invisible jusqu’à preuve et qualification moteur explicites.,G5,receivers-actuators
electromagnetDC,Électroaimant,palette-component,Récepteurs & actionneurs CC / AC,"CC,PV",,DEFER,Aucun contrat modelType Flutter actuellement démontré dans la surface qualifiée ; rester invisible jusqu’à preuve et qualification moteur explicites.,G5,receivers-actuators
fanAC,Ventilateur AC,palette-component,Récepteurs & actionneurs CC / AC,"AC 1φ,PV",,DEFER,Aucun contrat modelType Flutter actuellement démontré dans la surface qualifiée ; rester invisible jusqu’à preuve et qualification moteur explicites.,G5,receivers-actuators
fanDC,Ventilateur CC,palette-component,Récepteurs & actionneurs CC / AC,"CC,PV",fan_dc,REBUILD,Fonction déjà démontrée par un modelType Flutter actuel ; reconstruire une identité visuelle et une UX product-grade sans reprendre le code legacy.,G4,receivers-actuators
hornAC,Avertisseur sonore AC,palette-component,Récepteurs & actionneurs CC / AC,"AC 1φ,PV",,DEFER,Aucun contrat modelType Flutter actuellement démontré dans la surface qualifiée ; rester invisible jusqu’à preuve et qualification moteur explicites.,G5,receivers-actuators
hornDC,Klaxon / avertisseur CC,palette-component,Récepteurs & actionneurs CC / AC,"CC,PV",,DEFER,Aucun contrat modelType Flutter actuellement démontré dans la surface qualifiée ; rester invisible jusqu’à preuve et qualification moteur explicites.,G5,receivers-actuators
lampGeneric,Lampe réglable,palette-component,Récepteurs & actionneurs CC / AC,"CC,AC 1φ,PV",lamp,REBUILD,Fonction déjà démontrée par un modelType Flutter actuel ; reconstruire une identité visuelle et une UX product-grade sans reprendre le code legacy.,G4,receivers-actuators
motorAC230,Moteur AC,palette-component,Récepteurs & actionneurs CC / AC,"AC 1φ,PV",,DEFER,Aucun contrat modelType Flutter actuellement démontré dans la surface qualifiée ; rester invisible jusqu’à preuve et qualification moteur explicites.,G5,receivers-actuators
motorDCGeneric,Moteur CC,palette-component,Récepteurs & actionneurs CC / AC,"CC,PV",motor_dc,REBUILD,Fonction déjà démontrée par un modelType Flutter actuel ; reconstruire une identité visuelle et une UX product-grade sans reprendre le code legacy.,G4,receivers-actuators
neonLampAC,Voyant néon AC,palette-component,Récepteurs & actionneurs CC / AC,"AC 1φ,PV",,DEFER,Aucun contrat modelType Flutter actuellement démontré dans la surface qualifiée ; rester invisible jusqu’à preuve et qualification moteur explicites.,G5,receivers-actuators
pilotLampAC,Voyant AC,palette-component,Récepteurs & actionneurs CC / AC,"AC 1φ,PV",,DEFER,Aucun contrat modelType Flutter actuellement démontré dans la surface qualifiée ; rester invisible jusqu’à preuve et qualification moteur explicites.,G5,receivers-actuators
pilotLampDC,Voyant lumineux,palette-component,Récepteurs & actionneurs CC / AC,"CC,PV",,DEFER,Aucun contrat modelType Flutter actuellement démontré dans la surface qualifiée ; rester invisible jusqu’à preuve et qualification moteur explicites.,G5,receivers-actuators
pumpAC,Pompe AC,palette-component,Récepteurs & actionneurs CC / AC,"AC 1φ,PV",,DEFER,Aucun contrat modelType Flutter actuellement démontré dans la surface qualifiée ; rester invisible jusqu’à preuve et qualification moteur explicites.,G5,receivers-actuators
pumpDC,Pompe CC,palette-component,Récepteurs & actionneurs CC / AC,"CC,PV",,DEFER,Aucun contrat modelType Flutter actuellement démontré dans la surface qualifiée ; rester invisible jusqu’à preuve et qualification moteur explicites.,G5,receivers-actuators
sirenAC,Sirène AC,palette-component,Récepteurs & actionneurs CC / AC,"AC 1φ,PV",,DEFER,Aucun contrat modelType Flutter actuellement démontré dans la surface qualifiée ; rester invisible jusqu’à preuve et qualification moteur explicites.,G5,receivers-actuators
sirenDC,Sirène CC,palette-component,Récepteurs & actionneurs CC / AC,"CC,PV",,DEFER,Aucun contrat modelType Flutter actuellement démontré dans la surface qualifiée ; rester invisible jusqu’à preuve et qualification moteur explicites.,G5,receivers-actuators
solenoidAC,Solénoïde AC,palette-component,Récepteurs & actionneurs CC / AC,"AC 1φ,PV",,DEFER,Aucun contrat modelType Flutter actuellement démontré dans la surface qualifiée ; rester invisible jusqu’à preuve et qualification moteur explicites.,G5,receivers-actuators
solenoidDC,Solénoïde,palette-component,Récepteurs & actionneurs CC / AC,"CC,PV",,DEFER,Aucun contrat modelType Flutter actuellement démontré dans la surface qualifiée ; rester invisible jusqu’à preuve et qualification moteur explicites.,G5,receivers-actuators
speakerAC,Haut-parleur,palette-component,Récepteurs & actionneurs CC / AC,AC 1φ,,DEFER,Aucun contrat modelType Flutter actuellement démontré dans la surface qualifiée ; rester invisible jusqu’à preuve et qualification moteur explicites.,G5,receivers-actuators
valveCoilAC,Électrovanne AC,palette-component,Récepteurs & actionneurs CC / AC,"AC 1φ,PV",,DEFER,Aucun contrat modelType Flutter actuellement démontré dans la surface qualifiée ; rester invisible jusqu’à preuve et qualification moteur explicites.,G5,receivers-actuators
valveCoilDC,Électrovanne CC,palette-component,Récepteurs & actionneurs CC / AC,"CC,PV",,DEFER,Aucun contrat modelType Flutter actuellement démontré dans la surface qualifiée ; rester invisible jusqu’à preuve et qualification moteur explicites.,G5,receivers-actuators
inverterPV,Onduleur solaire,palette-component,Régulation & conversion PV,PV,,DEFER,Aucun contrat modelType Flutter actuellement démontré dans la surface qualifiée ; rester invisible jusqu’à preuve et qualification moteur explicites.,G5,pv-conversion
inverterPV1ph,Onduleur solaire 1φ,palette-component,Régulation & conversion PV,PV,,DEFER,Aucun contrat modelType Flutter actuellement démontré dans la surface qualifiée ; rester invisible jusqu’à preuve et qualification moteur explicites.,G5,pv-conversion
inverterPV3ph,Onduleur solaire 3φ,palette-component,Régulation & conversion PV,PV,,DEFER,Aucun contrat modelType Flutter actuellement démontré dans la surface qualifiée ; rester invisible jusqu’à preuve et qualification moteur explicites.,G5,pv-conversion
pvBoost,Convertisseur Boost,palette-component,Régulation & conversion PV,PV,,DEFER,Aucun contrat modelType Flutter actuellement démontré dans la surface qualifiée ; rester invisible jusqu’à preuve et qualification moteur explicites.,G5,pv-conversion
pvBuck,Convertisseur Buck,palette-component,Régulation & conversion PV,PV,,DEFER,Aucun contrat modelType Flutter actuellement démontré dans la surface qualifiée ; rester invisible jusqu’à preuve et qualification moteur explicites.,G5,pv-conversion
pvBuckBoost,Buck-Boost,palette-component,Régulation & conversion PV,PV,,DEFER,Aucun contrat modelType Flutter actuellement démontré dans la surface qualifiée ; rester invisible jusqu’à preuve et qualification moteur explicites.,G5,pv-conversion
pvController,Régulateur MPPT,palette-component,Régulation & conversion PV,PV,,DEFER,Aucun contrat modelType Flutter actuellement démontré dans la surface qualifiée ; rester invisible jusqu’à preuve et qualification moteur explicites.,G5,pv-conversion
pvControllerPWM,Régulateur PWM,palette-component,Régulation & conversion PV,PV,,DEFER,Aucun contrat modelType Flutter actuellement démontré dans la surface qualifiée ; rester invisible jusqu’à preuve et qualification moteur explicites.,G5,pv-conversion
heaterDC,Charge chauffante,palette-component,Résistifs & capteurs passifs,"CC,AC 1φ,PV",,DEFER,Aucun contrat modelType Flutter actuellement démontré dans la surface qualifiée ; rester invisible jusqu’à preuve et qualification moteur explicites.,G5,passive-resistive-sensors
ldrGeneric,LDR,palette-component,Résistifs & capteurs passifs,"CC,AC 1φ",,DEFER,Aucun contrat modelType Flutter actuellement démontré dans la surface qualifiée ; rester invisible jusqu’à preuve et qualification moteur explicites.,G5,passive-resistive-sensors
ntcGeneric,Thermistance NTC,palette-component,Résistifs & capteurs passifs,"CC,AC 1φ",,DEFER,Aucun contrat modelType Flutter actuellement démontré dans la surface qualifiée ; rester invisible jusqu’à preuve et qualification moteur explicites.,G5,passive-resistive-sensors
powerResistor,Résistance de puissance,palette-component,Résistifs & capteurs passifs,"CC,AC 1φ",,DEFER,Aucun contrat modelType Flutter actuellement démontré dans la surface qualifiée ; rester invisible jusqu’à preuve et qualification moteur explicites.,G5,passive-resistive-sensors
ptcGeneric,Thermistance PTC,palette-component,Résistifs & capteurs passifs,"CC,AC 1φ",,DEFER,Aucun contrat modelType Flutter actuellement démontré dans la surface qualifiée ; rester invisible jusqu’à preuve et qualification moteur explicites.,G5,passive-resistive-sensors
resistorGeneric,Résistance,palette-component,Résistifs & capteurs passifs,"CC,AC 1φ",resistor,REBUILD,Fonction déjà démontrée par un modelType Flutter actuel ; reconstruire une identité visuelle et une UX product-grade sans reprendre le code legacy.,G4,passive-resistive-sensors
rheostatGeneric,Rhéostat,palette-component,Résistifs & capteurs passifs,"CC,AC 1φ",,DEFER,Aucun contrat modelType Flutter actuellement démontré dans la surface qualifiée ; rester invisible jusqu’à preuve et qualification moteur explicites.,G5,passive-resistive-sensors
shuntDC,Shunt de courant,palette-component,Résistifs & capteurs passifs,"CC,AC 1φ",,DEFER,Aucun contrat modelType Flutter actuellement démontré dans la surface qualifiée ; rester invisible jusqu’à preuve et qualification moteur explicites.,G5,passive-resistive-sensors
trimmerResistor,Résistance ajustable,palette-component,Résistifs & capteurs passifs,"CC,AC 1φ",,DEFER,Aucun contrat modelType Flutter actuellement démontré dans la surface qualifiée ; rester invisible jusqu’à preuve et qualification moteur explicites.,G5,passive-resistive-sensors
generatorAC,Alternateur / génératrice AC,palette-component,Sources AC 1φ,AC 1φ,,DEFER,Aucun contrat modelType Flutter actuellement démontré dans la surface qualifiée ; rester invisible jusqu’à preuve et qualification moteur explicites.,G5,sources-ac1
sourceACGeneric,Source AC réglable,palette-component,Sources AC 1φ,AC 1φ,,DEFER,Aucun contrat modelType Flutter actuellement démontré dans la surface qualifiée ; rester invisible jusqu’à preuve et qualification moteur explicites.,G5,sources-ac1
batteryDC,Batterie,palette-component,Sources CC,CC,,DEFER,Aucun contrat modelType Flutter actuellement démontré dans la surface qualifiée ; rester invisible jusqu’à preuve et qualification moteur explicites.,G5,sources-dc
cellDC,Pile / cellule,palette-component,Sources CC,CC,,DEFER,Aucun contrat modelType Flutter actuellement démontré dans la surface qualifiée ; rester invisible jusqu’à preuve et qualification moteur explicites.,G5,sources-dc
chassisGround,Masse châssis,palette-component,Sources CC,"CC,AC 1φ",,DEFER,Aucun contrat modelType Flutter actuellement démontré dans la surface qualifiée ; rester invisible jusqu’à preuve et qualification moteur explicites.,G5,sources-dc
generatorDC,Génératrice CC,palette-component,Sources CC,CC,,DEFER,Aucun contrat modelType Flutter actuellement démontré dans la surface qualifiée ; rester invisible jusqu’à preuve et qualification moteur explicites.,G5,sources-dc
ground,Masse,palette-component,Sources CC,"CC,AC 1φ",,DEFER,Aucun contrat modelType Flutter actuellement démontré dans la surface qualifiée ; rester invisible jusqu’à preuve et qualification moteur explicites.,G5,sources-dc
protectiveEarth,Terre de protection PE,palette-component,Sources CC,"CC,AC 1φ",,DEFER,Aucun contrat modelType Flutter actuellement démontré dans la surface qualifiée ; rester invisible jusqu’à preuve et qualification moteur explicites.,G5,sources-dc
sourceDCGeneric,Alimentation CC,palette-component,Sources CC,CC,dc_voltage_source,REBUILD,Fonction déjà démontrée par un modelType Flutter actuel ; reconstruire une identité visuelle et une UX product-grade sans reprendre le code legacy.,G4,sources-dc
terminalBlock,Bornier / borne,palette-component,Sources CC,"CC,AC 1φ",,DEFER,Aucun contrat modelType Flutter actuellement démontré dans la surface qualifiée ; rester invisible jusqu’à preuve et qualification moteur explicites.,G5,sources-dc
alternatorAC3,Alternateur triphasé,palette-component,Sources triphasées,AC 3φ,,DEFER,Aucun contrat modelType Flutter actuellement démontré dans la surface qualifiée ; rester invisible jusqu’à preuve et qualification moteur explicites.,G5,sources-ac3
sourceAC3,Réseau 400/230 V 3φ,palette-component,Sources triphasées,AC 3φ,,DEFER,Aucun contrat modelType Flutter actuellement démontré dans la surface qualifiée ; rester invisible jusqu’à preuve et qualification moteur explicites.,G5,sources-ac3
transformerAC3,Transformateur triphasé,palette-component,Sources triphasées,AC 3φ,,DEFER,Aucun contrat modelType Flutter actuellement démontré dans la surface qualifiée ; rester invisible jusqu’à preuve et qualification moteur explicites.,G5,sources-ac3
batteryPV,Batterie PV,palette-component,Stockage & bus DC PV,PV,,DEFER,Aucun contrat modelType Flutter actuellement démontré dans la surface qualifiée ; rester invisible jusqu’à preuve et qualification moteur explicites.,G5,pv-storage-bus
pvBatteryBank,Parc batteries,palette-component,Stockage & bus DC PV,PV,,DEFER,Aucun contrat modelType Flutter actuellement démontré dans la surface qualifiée ; rester invisible jusqu’à preuve et qualification moteur explicites.,G5,pv-storage-bus
pvBms,BMS,palette-component,Stockage & bus DC PV,PV,,DEFER,Aucun contrat modelType Flutter actuellement démontré dans la surface qualifiée ; rester invisible jusqu’à preuve et qualification moteur explicites.,G5,pv-storage-bus
pvDcBus,Bus DC,palette-component,Stockage & bus DC PV,PV,,DEFER,Aucun contrat modelType Flutter actuellement démontré dans la surface qualifiée ; rester invisible jusqu’à preuve et qualification moteur explicites.,G5,pv-storage-bus
pvEnergyMeter,Compteur W / Wh / kWh,palette-component,Stockage & bus DC PV,PV,,DEFER,Aucun contrat modelType Flutter actuellement démontré dans la surface qualifiée ; rester invisible jusqu’à preuve et qualification moteur explicites.,G5,pv-storage-bus
socketAC1PE,Prise 230 V 2P+T,socket,Prises,"AC1 / AC 1φ,PV",,DEFER,Aucun contrat modelType Flutter actuellement démontré dans la surface qualifiée ; rester invisible jusqu’à preuve et qualification moteur explicites.,G5,sockets
socketAC3NPE,Prise industrielle 3P+N+PE,socket,Prises,"AC3 / AC 3φ,PV",,DEFER,Aucun contrat modelType Flutter actuellement démontré dans la surface qualifiée ; rester invisible jusqu’à preuve et qualification moteur explicites.,G5,sockets
socketAC3PE,Prise industrielle 3P+PE,socket,Prises,"AC3 / AC 3φ,PV",,DEFER,Aucun contrat modelType Flutter actuellement démontré dans la surface qualifiée ; rester invisible jusqu’à preuve et qualification moteur explicites.,G5,sockets
socketDC2,Prise DC 2 pôles,socket,Prises,"DC / CC,PV",,DEFER,Aucun contrat modelType Flutter actuellement démontré dans la surface qualifiée ; rester invisible jusqu’à preuve et qualification moteur explicites.,G5,sockets
