capability,legacy_evidence,flutter_evidence,current_state,target_gate,acceptance
Accueil,docs/f9/reference_screens/legacy_home_reference.png; teacher.html/student.html,apps/electrosim/lib/main.dart:F9HomePage,PRESENT,G2,"Trois entrées principales stables, destinations testées et aucune redirection arbitraire vers le moteur."
Session,teacher.html; B55 activity/navigation,apps/electrosim/lib/main.dart:_openWorkspace; apps/electrosim/lib/f17_tp_session_dialog.dart,PARTIAL,G2,"Shell session dédié avec Accueil, Tableau de bord et Gérer la session, sans dépendre du workspace démo."
Centre de maintenance,LEGACY_FUNCTIONAL_INVENTORY: Recherche de dérangement; bibliothèque pannes,main.dart home-maintenance → Recherche de dérangement,PARTIAL,G2,Ouvre la recherche de dérangement et la bibliothèque de pannes sans choix redondant.
Centre de conception,LEGACY_FUNCTIONAL_INVENTORY: câblage; exemples câblés,main.dart home-design → Câblage,PARTIAL,G2,Ouvre Câblage et la bibliothèque de schémas sains dans un centre produit dédié.
Tableau de bord session,teacher.html; supervision/navigation TP,main.dart sessionNavigation; f17_tp_session_dialog.dart,PARTIAL,G2,"Expose Câblage, Recherche de dérangement et Supervision avec état de session cohérent."
Palette composants,teacher.html; electrosim_palette01.js; F9 legacy visual audit,apps/electrosim/lib/f9_component_palette.dart (12 éléments),PARTIAL,G5,"4-5 accès rapides, recherche fiable, catégories et catalogue complet uniquement pour les familles qualifiées."
Canvas,electrosim_b7_graphics_wiring.js; F9 legacy workspace desktop,packages/electrosim_canvas; main.dart workspace,PARTIAL,G6,"Canvas dominant, performant, sans clipping, avec pan/zoom/drag/sélection qualifiés."
Câblage interactif,electrosim_b532_connections.js; electrosim_b7_graphics_wiring.js,apps/electrosim/lib/f9_wiring_policy.dart; electrosim_canvas,PARTIAL,G6,"Connexion borne→borne, hit-test, routage orthogonal et annulation sans corruption de CircuitState."
Modes électriques CC/AC1/AC3/PV,electrosim_b5_core.js; electrosim_b5_ac3.js; electrosim_b5_pv.js,runtime/electrosim_runtime_engine.dart; solver_dc; solver_ac; pv,PRESENT,G7,Chaque domaine utilise son solveur qualifié et n’affiche aucune grandeur fabriquée hors capacité.
Nœuds/branches/mailles CC,electrosim_b538_dc_topology.js; electrosim_b538_dc_analysis_ui.js,packages/electrosim_topology; solver_dc,PARTIAL,G7,Analyse pédagogique KCL/KVL exposée depuis les résultats topology/solver sans calcul UI.
"Prises, cordons, appareils externes",electrosim_b532_connections.js; electrosim_b53_appliances.js,F18 current inventory: aucun modelType produit dédié,MISSING,G5,Aucune entité n’est visible tant qu’un contrat domaine/runtime explicite et testé n’existe.
Schémas sains,electrosim_b533_examples.js; templates historiques,packages/electrosim_scenarios F16: 5 exemples qualifiés,PARTIAL,G9,Bibliothèque neuve de circuits sains avec couverture pédagogique et signatures déterministes.
Pannes autonomes,electrosim_b539_fault_catalog.js; FaultEngine injection historique,packages/electrosim_scenarios F16: 3 FaultScenario autonomes,INTENTIONALLY_REDESIGNED,G9,"Bibliothèque neuve de circuits déjà défectueux, sans exampleId et avec teacher truth séparé."
TP câblage,B55 TP activity/navigation; pedagogy,packages/electrosim_tp; runtime/electrosim_tp_session_controller.dart,PARTIAL,G8,Cycle publication→démarrage→travail→soumission→notation→clôture cohérent professeur/élève.
Recherche de dérangement,B55 troubleshooting; TPFLOW03/04,TP controller; diagnostic persistence; fault scenarios,PARTIAL,G8,"Fiche diagnostic uniquement élève RD, réparation après validation, fin en lecture seule."
Supervision professeur,TP sync/live; closure/supervision,apps/electrosim/lib/f17_tp_supervision_panel.dart,PARTIAL,G8,"Progression, statut, score/note et fin de TP reflètent l’état réel et sont actionnables."
Mesures,B11 measurements; EIE07 measurement assistant,MeasurementEngine; runtime-backed voltmeter/ammeter,PARTIAL,G7,Instruments supportés affichent exclusivement MeasurementEngine et NON RACCORDÉ quand applicable.
Énergie,B5.4 clock/analyzer/history,EnergyEngine; F17-R10 explicit simulation time,PARTIAL,G7,W/Wh/kWh et accumulation sont issus du moteur et du temps de simulation explicite.
EIE / diagnostic,EIE01..EIE20 modules,DiagnosticEngine; F17 EIE panel,PARTIAL,G10,"Surface professeur evidence-based, silencieuse si OK, technique cachée par défaut, aucune cause inventée."
Sauvegardes locales,electrosim_b55_local_saves.js,runtime/electrosim_persistence_controller.dart; electrosim_storage,PRESENT,G11,Sauvegarde/reprise atomique et versionnée avec restauration circuit + cycle TP sans état silencieusement inventé.
Exports PDF/CSV,electrosim_b54_export.js; reporting,Aucune surface produit F18 qualifiée à G0,MISSING,G11,"Exporter des rapports traçables sans confondre export et sauvegarde, ou documenter explicitement le report hors F18 avant release."
Responsive/mobile,mobile.html; F9 legacy mobile reference,ElectroSimBreakpoints; F9 goldens compact/medium/expanded,PARTIAL,G11,"Canvas prioritaire à 390×844, sheets contextuelles et zéro zone inaccessible/clipping."
Visuels composants,C31 raster/visual engine; palette historique,apps/electrosim/lib/f9_component_visuals.dart,PARTIAL,G4,"Chaque famille critique a une identité semi-réaliste cohérente palette↔canvas, bornes et états visibles."
Command bus / coherence kernel,B8 command bus/coherence kernel,CircuitState immuable; contrôleurs/use cases Flutter,INTENTIONALLY_REDESIGNED,G6,Toutes les mutations UI passent par des commandes/contrôleurs explicites et conservent la révision du circuit.
Déterminisme / audits,NF03; master audits; regression sentinel,Dart/Flutter tests; GitHub Actions; qualification F17,PRESENT,G12,"Même head, mêmes entrées et mêmes résultats/artefacts déterministes ; aucun gate final rouge."
"Globals, ordre de chargement, monkey-patches",137 scripts; globals ElectroSim*; prototype wrappers,Imports Dart explicites; packages bornés,INTENTIONALLY_REDESIGNED,G12,"Aucune dépendance runtime à des globals, ordre de scripts ou monkey-patches legacy."
Compatibilité legacy / adaptateurs,B7 compat bridge; B9/B539 legacy adapters,Aucun adaptateur runtime legacy dans le nouveau noyau,INTENTIONALLY_REDESIGNED,G12,La V1 reste oracle documentaire uniquement ; aucune dépendance ou import automatique legacy.
LAN professeur/élève,TP sync/live historique,runtime/electrosim_lan_sync.dart; F17-R11 WebSocket,PARTIAL,G8,"Adresse professeur normalisée/acceptée, code 6 caractères, erreurs format/connexion distinctes et reconnexion avec catch-up."
Gestion TP publication/suppression/notation,teacher flow historique; ACT/TPFLOW/SUP modules,ElectroSimTpSessionController; supervision panel,PARTIAL,G8,"Le professeur peut publier, supprimer les activités autorisées et saisir/voir la note RD sans boutons inertes."
