id,severity,area,evidence,current_issue,target_gate,acceptance
UIA-001,IMPORTANT,Workspace lifecycle,"apps/electrosim/lib/main.dart:464-489;532-552;1740-1810","Le workspace de production s'appelle encore F9WorkspaceDemoPage et injecte _buildDemoCircuit() quand aucun circuit n'est fourni.","G2/G3","Les entrées produit ouvrent un workspace nommé métier; un nouveau câblage part d'un état explicitement défini, sans circuit démo implicite."
UIA-002,MODERATE,Product copy,"apps/electrosim/lib/main.dart:509; apps/electrosim/lib/f9_component_palette.dart:208-211","Le texte visible expose des jalons internes: «F9 final», «Canvas F8 validé», «Palette F9 finale».","G2/G3","Aucun numéro de phase interne F0-F18 n'est visible dans la copie produit."
UIA-003,IMPORTANT,UI architecture,"apps/electrosim/lib/main.dart:1-1826","main.dart concentre accueil, LAN, navigation, workspace, canvas interaction, persistance, TP, top bar, status bar et circuit de démonstration.","G2/G3","Le shell, l'accueil, le workspace et les contrôleurs UI sont séparés en unités testables; main.dart ne porte plus la logique d'écran monolithique."
UIA-004,IMPORTANT,Board actions,"apps/electrosim/lib/main.dart:1536-1641; apps/electrosim/lib/f9_context_panels.dart:210-234","La barre haute ne propose ni Supprimer ni Rotation; Supprimer est encore dans Propriétés.","G3/G6","Un seul bouton Supprimer est placé en haut de la platine, Rotation à proximité; aucune action Supprimer dupliquée dans Propriétés."
UIA-005,IMPORTANT,Selection,"packages/electrosim_canvas/lib/src/simulator_canvas.dart:31-32;127-132; apps/electrosim/lib/main.dart:508","La sélection est représentée par un seul String?; aucune sélection multiple ni gestion Ctrl/Cmd/Shift n'existe.","G6","Clic/tap = sélection simple; multi-sélection uniquement avec modificateur; clic fond = désélection; opérations top-bar agissent sur toute la sélection."
UIA-006,IMPORTANT,Canvas interaction,"apps/electrosim/lib/main.dart:633-667; packages/electrosim_canvas/lib/src/simulator_canvas.dart:127-350","SimulatorCanvas possède son propre moteur de gestes mais est monté avec enableInteraction:false et entouré d'une seconde couche Listener/gestes dans main.dart.","G6","Une seule autorité d'interaction Canvas est définie; pan/zoom/drag/câblage/sélection n'ont pas deux chemins concurrents."
UIA-007,MODERATE,Palette quick access,"apps/electrosim/lib/f9_component_palette.dart:168-199","La palette compacte affiche les 6 premiers résultats; la cible F18 prévoit 4-5 accès rapides/domaines.","G5","La palette affiche 5 accès rapides maximum, déterminés par domaine/usage et restrictions pédagogiques."
UIA-008,MODERATE,Palette search,"apps/electrosim/lib/f9_component_palette.dart:181-190","La recherche est un simple lowercase+contains sur titre/catégorie/modelType; pas de normalisation accents, synonymes ni tokens multi-mots.","G5","Recherche insensible aux accents, synonymes et ordre raisonnable des mots, avec résultats déterministes."
UIA-009,IMPORTANT,Palette coverage,"apps/electrosim/lib/f9_component_palette.dart:31-152; docs/f18/g0/F18_CURRENT_PRODUCT_INVENTORY.json","La surface Flutter n'expose que 12 définitions de palette.","G5","Chaque famille supportée par le noyau et retenue par la matrice G0 reçoit une disposition explicite; aucun composant décoratif non simulable."
UIA-010,IMPORTANT,Component visuals,"apps/electrosim/lib/f9_component_palette.dart:420-480; apps/electrosim/lib/f9_component_visuals.dart:1-269","Les visuels restent des glyphes schématiques simples; tailles, bordures et fonds de la tuile sont partiellement hardcodés.","G4","Palette et Canvas partagent une identité semi-technique reconnaissable via VisualDescriptor; bornes et états priment sur le décor."
UIA-011,IMPORTANT,Canvas visual tokens,"packages/electrosim_canvas/lib/src/circuit_scene_painter.dart:29-37;153;204-211","Le Canvas définit localement ses couleurs UI et électriques, en parallèle d'ElectroSimColors.","G1/G4/G6","Les couleurs sémantiques/électriques proviennent du design system; aucune duplication divergente de phase/polarité."
UIA-012,MODERATE,UI kit tokens,"packages/electrosim_ui_kit/lib/src/workspace_shell.dart:142-148;207-224; packages/electrosim_ui_kit/lib/src/surface_components.dart:46","Overlay compact et états sélectionnés utilisent Colors.black26 / Color(0xFFEFF4FF) hors tokens.","G1/G3","Toute couleur produit significative est liée à un token Figma↔Flutter ou à une exception documentée."
UIA-013,MODERATE,Responsive geometry,"apps/electrosim/lib/main.dart:246-247;377;700;1349-1350;1541; packages/electrosim_ui_kit/lib/src/workspace_shell.dart:147","Plusieurs dimensions structurelles restent en dur: 44, 460, 420x360, top bar 64, overlay compact maxHeight 420.","G1/G3/G11","Dimensions structurelles utilisent les tokens et passent 390x844, 820x1180, 1440x900 et 1920x1080 sans clipping."
UIA-014,MODERATE,TP dialogs,"apps/electrosim/lib/f17_tp_session_dialog.dart:45-48; apps/electrosim/lib/f17_tp_supervision_panel.dart:145","Le dialogue TP impose width 480 et certaines lignes supervision width 112.","G8/G11","Dialogues et supervision s'adaptent aux classes de fenêtre et au text scaling sans largeur métier rigide non justifiée."
UIA-015,IMPORTANT,Canvas accessibility,"packages/electrosim_canvas/lib/src/simulator_canvas.dart:315-350","Le Canvas expose une seule Semantics générique «ElectroSim simulator canvas»; composants/connexions/bornes ne sont pas des éléments sémantiques navigables.","G11","Les éléments Canvas utiles sont exposés de façon performante au clavier/VoiceOver; les actions essentielles ne dépendent ni du hover ni de la souris."
UIA-016,IMPORTANT,Role isolation EIE,"apps/electrosim/lib/f9_context_panels.dart:41-52;61;87-124","L'onglet EIE est toujours présent pour les trois onglets de base, y compris côté élève; le rôle ne pilote que la fiche Diagnostic.","G8/G10","EIE technique est réservé au professeur; l'élève RD conserve la fiche diagnostic sans coach/EIE technique."
UIA-017,MODERATE,Context tabs,"apps/electrosim/lib/f9_context_panels.dart:61;87-100","Le panneau impose 3 ou 4 tabs non scrollables dans 304 px pour rendre Diagnostic cliquable; cette contrainte est encodée dans le widget.","G3/G8","La navigation contextuelle s'adapte aux rôles et tailles sans compresser artificiellement quatre onglets."
UIA-018,MODERATE,Top/status bars,"apps/electrosim/lib/main.dart:1541;1683-1736","Top bar height 64 et contraintes de compteur 104/320 sont locales; status bar expose revision et métadonnées techniques dans la même ligne que l'état utilisateur.","G1/G3","Barres utilisent des tokens et séparent statut utilisateur des détails techniques; compact conserve les actions prioritaires."
UIA-019,MODERATE,Direct-entry chrome,"apps/electrosim/lib/main.dart:1630-1636","Les entrées Centre de conception/maintenance affichent un chip «Accès direct» qui consomme de l'espace sans fonction métier.","G2/G3","Le shell n'affiche que les informations/actions utiles au contexte; aucun badge de navigation interne superflu."
UIA-020,IMPORTANT,Design-source governance,"packages/electrosim_ui_kit/lib/src/design_tokens.dart:1-56; packages/electrosim_canvas/lib/src/circuit_scene_painter.dart:29-37","Les tokens Flutter existent mais ne sont pas encore reliés à une source Figma, et le Canvas les contourne partiellement.","G1","Mapping Figma↔Flutter machine-lisible; nouveaux goldens seulement après référence Figma approuvée."
