family_id,display_name,domain,status,legacy_reference_count,canonical_silhouette,footprint_token,terminal_schema,persistent_markings,result_driven_states,animation_policy,compact_policy,medium_policy,expanded_policy,pilot_priority,automatic_import
sources-dc,Sources CC,DC,active,8,"Bloc source rectangulaire, repère +/− visible, variantes alimentation/batterie sans changer la grammaire",M,dc_pos;dc_neg,+;−;Vdc,deenergized;energized;limited;disabled,none,Silhouette + polarités; valeur secondaire masquée si nécessaire,Silhouette + polarités + valeur nominale courte,"Marquages complets, valeur nominale, état source",P1,NO
sources-ac1,Sources AC monophasées,AC1,active,2,"Bloc source avec glyph 1~ / sinusoïde, bornes L et N clairement séparées",M,ac_l;ac_n;pe_optional,1~;L;N;Hz,deenergized;energized;undervoltage;overvoltage;disabled,none,1~ + L/N; fréquence cachée hors sélection,1~ + L/N + tension courte,"Tension, fréquence et état source lisibles",P1,NO
sources-ac3,Sources triphasées,AC3,active,3,"Bloc 3~ avec rangée de bornes ordonnée L1 L2 L3 N, PE distinct si présent",L,l1;l2;l3;n_optional;pe_optional,3~;L1;L2;L3;N,deenergized;energized;phase_loss;phase_swap;undervoltage;overvoltage;disabled,none,3~ + L1/L2/L3; N/PE visibles si présents,Repères phases + tension composée courte,"Repères complets, fréquence, état de phase",P1,NO
passive-resistive-sensors,Résistifs et capteurs passifs,DC/AC1,active,9,"Corps linéaire à deux bornes; pictogramme interne différencie résistance, thermistance, photo-résistance, capteur passif",S,two_terminal_bidirectional,symbole métier;valeur si utile,normal;energized;overrange,none,Symbole métier seul + bornes,Symbole + valeur courte,Valeur/unité et état dérivé affichables,P2,NO
passive-rlc,Capacitifs et inductifs,DC/AC1,active,8,Deux bornes avec symbole C/L canonique; polarité explicitée pour variantes polarisées,S,two_terminal_or_polarized,C/L;+ si polarisé;valeur,normal;energized;charged;saturated_or_overrange,none,"Symbole C/L, polarité si nécessaire",Symbole + valeur courte,"Valeur, polarité, état pertinent",P2,NO
dc-semiconductors,Semi-conducteurs CC,DC,active,8,Symbole directionnel dans un boîtier léger; anode/cathode ou autres repères explicités,S,semiconductor_variant,A;K;G selon variante,off;conducting;blocked;reverse;overrange,LED only from result,Symbole + A/K ou labels requis,Symbole + labels + état discret,Marquages complets; luminance LED si calculée,P2,NO
protection-generic,Protection CC / AC,DC/AC1,active,7,Boîtier de protection avec chemin entrée→sortie lisible; levier/fusible selon variante,M,line_load_pair_or_poles,IN/OUT;calibre si validé,closed;open;tripped;blown;deenergized,mechanical state transition only,État mécanique et bornes visibles,État + calibre court si disponible,Marquages entrée/sortie et cause de déclenchement si prouvée,P1,NO
control-detection,Commande et détection,DC/AC1,active,29,Boîtier compact avec actionneur/symbole NO/NC/capteur; contacts et bobines distincts,M,control_contact_or_coil,NO/NC;A1/A2;13/14;21/22 selon type,rest;actuated;open;closed;energized;disabled,actuator motion only from state,Symbole NO/NC ou actionneur + bornes principales,Repères normalisés visibles,Repères complets et état mécanique/commande,P1,NO
ac3-protection-distribution,Distribution et protection 3φ,AC3,active,11,"Boîtier multipolaire large, colonnes de phases alignées verticalement entrée/sortie",L,l1_l2_l3_n_line_load,L1/L2/L3/N;T1/T2/T3,closed;open;tripped;phase_loss;deenergized,mechanical state transition only,3 pôles + phase labels essentiels,Entrée/sortie et état mécanique,"Repères complets, calibre/état si disponible",P1,NO
ac3-motor-control,Commande moteur 3φ,AC3,active,10,"Contacteur/relais thermique/démarreur sous forme de bloc fonctionnel, puissance séparée de commande",L,three_phase_power_plus_control,1L1/3L2/5L3;2T1/4T2/6T3;A1/A2,rest;coil_energized;contacts_closed;tripped;disabled,contact motion only from result,"Puissance + A1/A2, détails secondaires repliés",Repères puissance/commande visibles,Tous repères et état thermique/commande disponibles,P1,NO
receivers-actuators,Récepteurs et actionneurs CC / AC,DC/AC1,active,29,"Silhouette fonctionnelle identifiable (lampe, buzzer, chauffage, solénoïde, petit moteur) avec bornes latérales",M,load_variant,type charge;polarité si requise,off;energized;active;running;heating;overrange,only functional animation from SimulationResult,Silhouette métier + bornes,Silhouette + état discret,Valeurs et animation fonctionnelle si pertinente,P1,NO
ac3-loads,Moteurs et charges 3φ,AC3,active,7,Corps machine/charge industrielle avec 3~ ou symbole moteur; bornier U/V/W ou L1/L2/L3,L,u_v_w_or_three_phase_load,3~;U/V/W ou L1/L2/L3,stopped;energized;running;phase_loss;phase_swap;overload,rotation/motion only from DeviceStateEngine result,Silhouette + 3~ + bornes,Bornes + état marche/arrêt,Repères complets; animation et état mécanique,P1,NO
sockets,Prises,AC1/AC3,active,4,"Façade de prise simplifiée mais réaliste, bornes arrière/latérales explicites L/N/PE ou phases",M,socket_variant,L;N;PE ou L1/L2/L3/N/PE,deenergized;energized;connected_load_present,none,Face + labels de bornes indispensables,Face + bornes + type de prise,Marquages complets et état alimentation discret,P1,NO
external-appliances,Appareils externes,DC/AC1/AC3,active,18,"Pictogramme industriel réaliste et homogène par appareil, avec connecteur électrique séparé du dessin mécanique",XL,appliance_variant,nom court;mode électrique,off;energized;running;active;disabled,only when physically meaningful and result-driven,Pictogramme simplifié + connecteur,Pictogramme + nom court + état,"Détails mécaniques fonctionnels, jamais décoratifs au détriment des bornes",P2,NO
measurement,Mesure,DC/AC1/AC3,active,8,"Instrument à écran/cadran, bornes dédiées clairement codées par texte et symbole",M,measurement_variant,V/A/Ω/W selon instrument;COM;+,idle;measuring;overrange;invalid_connection;unavailable,numeric/display update only from MeasurementEngine,Type instrument + lecture principale,Lecture + unité + bornes,"Lecture, unité, plage et état de validité",P1,NO
pv-environment,Environnement PV,PV,active,3,"Carte environnement distincte d’un composant câblable, avec soleil/température/irradiance",M,none_or_parameter_port,G;T;profil,normal;low_irradiance;high_temperature;unavailable,ambient indicator only,Icône soleil + valeur principale,Irradiance + température,Paramètres environnement complets; aucun faux terminal électrique,P2,NO
pv-generation,Production photovoltaïque,PV,active,7,"Module/panneau PV à cellules stylisées, bornes PV+ et PV− sur un même bord fonctionnel",L,pv_pos;pv_neg,PV;+;−;Pnom si disponible,dark;generating;limited;reverse;disabled,irradiance highlight only from result,Panneau + PV+/PV−,Panneau + puissance courte,Marquages électriques et état de production,P1,NO
pv-protection,Protection et sectionnement PV,PV,active,4,Boîtier DC PV avec polarités doublées si nécessaire et chemin entrée/sortie explicite,M,pv_line_load_pairs,PV+;PV−;IN;OUT,closed;open;tripped;blown;deenergized,mechanical state only,Polarités + état mécanique,Entrée/sortie + polarités,Marquages complets et état prouvé,P1,NO
pv-conversion,Régulation et conversion PV,PV/DC/AC,active,8,Bloc convertisseur avec zones IN/OUT distinctes et flèche de conversion interne,XL,dc_or_pv_input_plus_ac_or_dc_output,IN;OUT;PV+/PV−;L/N ou L1/L2/L3/N selon variante,off;standby;converting;limited;disabled;invalid_input,status indicator only from result,IN/OUT + bornes indispensables,Sens de conversion + état,"Toutes bornes, rendements/valeurs si fournis par moteurs dédiés",P1,NO
pv-storage-bus,Stockage et bus DC PV,PV/DC,active,5,"Batterie/bus DC robuste, polarités très visibles, segments de bus distincts des fils",L,dc_pos;dc_neg;bus_variant,+;−;SOC si disponible,idle;charging;discharging;limited;disabled,charge-flow indicator only from result,Batterie/bus + polarités,État charge/décharge,SOC/énergie uniquement si fournis par moteur énergie,P1,NO
legacy-reference-only,Legacy / compatibilité,N/A,excluded,26,Aucun renderer F9 par défaut,N/A,N/A,N/A,N/A,none,Non disponible,Non disponible,Non disponible,EXCLUDED,NO
