id,status,evidence
F9-UX-001,READY,"widget test: three home entries"
F9-UX-002,READY,"widget test: persistent session navigation"
F9-UX-003,READY,"widget test: dashboard destinations"
F9-UX-004,READY,"widget test: diagnostic only student troubleshooting"
F9-UX-005,READY,"diagnostic tab absent outside student troubleshooting"
F9-RESP-001,READY,"compact shell + golden 390x844"
F9-RESP-002,READY,"medium shell + golden 820x1180"
F9-RESP-003,READY,"expanded shell + golden 1440x900"
F9-RESP-004,READY,"widget test: breakpoint transition preserves revision"
F9-A11Y-001,READY,"Semantics + keyboard selector + Escape shortcut"
F9-A11Y-002,READY,"48 px minimum target contract"
F9-VIS-001,READY,"shared F9 glyph renderer palette/Canvas overlay"
F9-VIS-002,READY,"UI selection remains Canvas layer; operational state overlay separate"
F9-ARCH-001,READY,"architecture guard + F8 freeze"
F9-ARCH-002,READY,"no examples/fault dependency added by F9"
F9-OVF-001,READY,"compact/medium/expanded widget tests + goldens"
F9-GOLD-001,PENDING_HUMAN_REVIEW,"generated at final gate: compact 390x844"
F9-GOLD-002,PENDING_HUMAN_REVIEW,"generated at final gate: medium 820x1180"
F9-GOLD-003,PENDING_HUMAN_REVIEW,"generated at final gate: expanded 1440x900"
